id,from_node,to_node,length,hp_type,capacity,pipe_capacity_max_kw,utilisation,invest_eur,annual_cost_eur,loss_kw,annual_loss_kwh
0,forks-0,forks-1,10,DN-50,217.251,415.0,0.523,5630.0,284.667,0.091,800.752
1,forks-1,forks-2,20,DN-50,217.16,415.0,0.523,11260.0,569.334,0.183,1601.503
2,forks-2,forks-3,20,DN-50,201.89,415.0,0.486,11260.0,569.304,0.183,1601.503
3,forks-3,forks-4,10,DN-50,209.033,415.0,0.504,5630.0,284.659,0.091,800.752
4,forks-4,forks-5,10,DN-50,209.124,415.0,0.504,5630.0,284.659,0.091,800.752
5,forks-5,forks-6,30,DN-32,109.535,130.7,0.838,14730.0,744.539,0.259,2270.723
6,forks-6,forks-7,30,DN-32,109.275,130.7,0.836,14730.0,744.538,0.259,2270.723
8,forks-8,forks-9,20,DN-50,182.372,415.0,0.439,11260.0,569.265,0.183,1601.503
9,forks-9,forks-10,10,DN-50,182.463,415.0,0.44,5630.0,284.632,0.091,800.752
10,forks-10,forks-0,30,DN-50,399.518,415.0,0.963,16890.0,854.549,0.274,2402.255
11,producers-0,forks-0,20,DN-50,400.0,415.0,0.964,11260.0,569.7,0.183,1601.503
12,producers-1,forks-5,20,DN-50,227.495,415.0,0.548,11260.0,569.355,0.183,1601.503
13,forks-2,consumers-0,10,DN-32,50.586,130.7,0.387,4910.0,248.121,0.086,756.908
14,forks-3,consumers-1,10,DN-50,273.434,415.0,0.659,5630.0,284.723,0.091,800.752
15,forks-7,consumers-2,10,DN-32,109.016,130.7,0.834,4910.0,248.179,0.086,756.908
16,forks-8,consumers-3,10,DN-50,182.189,415.0,0.439,5630.0,284.632,0.091,800.752
17,forks-10,consumers-4,10,DN-50,258.091,415.0,0.622,5630.0,284.708,0.091,800.752
