id,from_node,to_node,length,hp_type,capacity,direction,costs,losses
0,forks-0,forks-1,150.0,DN-50,398.48,1,2399.0772,2.85
1,forks-1,forks-2,150.0,DN-50,379.58,1,2398.7937,2.85
2,forks-2,forks-3,150.0,DN-50,319.094762,1,2397.88642143,2.85
3,forks-4,forks-5,150.0,DN-50,186.277361,-1,2395.894160415,2.85
4,forks-5,forks-6,150.0,DN-50,407.146636,-1,2399.20719954,2.85
5,forks-1,forks-4,150.0,,0.0,0,0.0,0.0
6,forks-3,forks-6,150.0,DN-50,206.265015,1,2396.193975225,2.85
7,forks-0,forks-4,212.1,,0.0,0,0.0,0.0
8,producers-0,forks-0,80.0,DN-50,400.0,1,1279.52,1.52
9,producers-1,forks-6,130.0,DN-50,252.155373,1,2077.298019849,2.4699999999999998
10,forks-1,consumers-0,70.0,DN-30,51.55,1,995.13085,1.05
11,forks-2,consumers-1,70.0,DN-50,274.672827,1,1118.702709789,1.33
12,forks-3,consumers-2,70.0,DN-30,109.979747,1,995.5398582290001,1.05
13,forks-4,consumers-3,70.0,DN-50,183.427361,1,1118.063991527,1.33
14,forks-5,consumers-4,70.0,DN-50,259.33,1,1118.5953100000002,1.33
