id,lat,lon,x,y
0,59.2502694933525,18.050351387961015,20,30
1,59.250179662235,18.050351387961015,20,20
2,59.250179662235,18.050702775922034,40,20
3,59.250179662235,18.051054163883048,60,20
4,59.250179662235,18.051229857863557,70,20
5,59.250179662235,18.051405551844066,80,20
6,59.25035932447,18.051581245824572,90,40
7,59.250538986704996,18.051229857863557,70,60
8,59.250718648939994,18.050702775922034,40,80
9,59.250718648939994,18.050351387961015,20,80
10,59.250538986704996,18.050351387961015,20,60
