id,from_node,to_node,hp_type,length,capacity,existing
0,forks-0,forks-1,DN-50-half,10,415.0,1
1,forks-1,forks-0,DN-50-half,10,415.0,1
2,forks-1,forks-2,DN-50-half,20,415.0,1
3,forks-2,forks-1,DN-50-half,20,415.0,1
4,forks-2,forks-3,DN-50-half,20,415.0,1
5,forks-3,forks-2,DN-50-half,20,415.0,1
6,forks-3,forks-4,DN-50-half,10,415.0,1
7,forks-4,forks-3,DN-50-half,10,415.0,1
8,forks-4,forks-5,DN-50-half,10,415.0,1
9,forks-5,forks-4,DN-50-half,10,415.0,1
10,forks-5,forks-6,DN-32-half,30,130.7,1
11,forks-6,forks-5,DN-32-half,30,130.7,1
12,forks-6,forks-7,DN-32-half,30,130.7,1
13,forks-7,forks-6,DN-32-half,30,130.7,1
14,forks-8,forks-9,DN-50-half,20,415.0,1
15,forks-9,forks-8,DN-50-half,20,415.0,1
16,forks-9,forks-10,DN-50-half,10,415.0,1
17,forks-10,forks-9,DN-50-half,10,415.0,1
18,forks-10,forks-0,DN-50-half,30,415.0,1
19,forks-0,forks-10,DN-50-half,30,415.0,1
20,producers-0,forks-0,DN-50,20,415.0,1
21,producers-1,forks-5,DN-50,20,415.0,1
22,forks-2,consumers-0,DN-32,10,130.7,1
23,forks-3,consumers-1,DN-50,10,415.0,1
24,forks-7,consumers-2,DN-32,10,130.7,1
25,forks-8,consumers-3,DN-50,10,415.0,1
26,forks-10,consumers-4,DN-50,10,415.0,1
