timestep,0,1,2,3,4
0,34.7,221.6194071046838,23.05739537211502,162.49138771913366,166
1,30.3,142.97609432066915,41.64096831047392,182.0973613418308,139
2,27.4,221.6194071046838,36.02267881748169,176.2735540371907,131
3,35.4,142.97609432066915,17.439105879122796,158.78663638288506,240
4,32.0,221.6194071046838,17.583164584071316,160.77280159597774,193
5,27.2,142.97609432066915,72.01656154904136,165.77673681797805,197
6,26.9,221.6194071046838,33.429622128408354,160.62052129142853,161
7,28.8,221.6194071046838,36.31079622737872,156.27483862608895,169
8,32.6,133.84188663953668,28.531626160158723,133.01595846968118,258
9,15.0,273.3428271448726,10.956464156439464,127.83491474685457,54
10,36.5,34.80523813220465,108.92974724713164,143.8914423791234,56
11,50.5,142.97609432066915,18.879692928607984,144.83163400137985,85
